"blue_triangle","blue_circle","red_triangle","red_circle"
"0","1.9750998616218567","0","0"
"0","0","1.9750998616218567","0"
"0.9742832779884338","0","0.19800499677658082","0"